0	23223	-9.217467088	2614	-2.824391145	0	-13.202401895	-9.217465242
1	15417	-7.363171607	725	-1.847625762	0	-10.582261116	-7.363146245
2	506	-1.538876859	506	-1.538876859	1	-10.956165639	-1.538859409
3	11292	-5.046704325	220	-0.145563158	0	-13.226842436	-5.046702523
4	303	-1.775068514	296	-0.798974269	0	-5.239114039	-1.769749438
5	279	-0.006349667	279	-0.006349667	1	-10.238341435	-0.006313894
6	6353	-0.008107231	6353	-0.008107231	1	-10.321144150	-0.008074301
7	13	-1.320919595	321	-1.188717446	0	-6.247668824	-1.318982761
8	12851	-6.699048956	198	-1.708612402	0	-1.852695425	-6.528481351
9	279	-1.787019880	424	-1.734939726	0	-11.417621763	-1.787008880
10	14811	-4.444129270	13635	-1.442902845	0	-12.326251786	-4.444124836
11	16821	-0.760212691	16821	-0.760212691	1	-10.800209791	-0.760192295
12	11	-0.067824855	11	-0.067824855	1	-8.165713801	-0.067540581
13	48654	-9.266390423	279	-0.809738735	0	-11.047058205	-9.266374489
14	11988	-3.836404848	11	-0.668156672	0	-10.951460886	-3.836387316
15	279	-0.517765741	279	-0.517765741	1	-10.038489084	-0.517722055
16	12346	-4.660971355	9039	-1.915145588	0	-12.899191570	-4.660968855
17	303	-0.369915658	303	-0.369915658	1	-8.926533395	-0.369782831
18	279	-0.492504511	279	-0.492504511	1	-11.835816775	-0.492497271
19	26135	-2.842555893	29238	-1.699403656	0	-12.173984421	-2.842550730
20	11683	-1.596433141	13592	-0.652732351	0	-9.779407003	-1.596376534
21	321	-2.083312647	13	-0.533675806	0	-7.876076357	-2.082932855
22	70702	-10.278884500	33621	-1.742899507	0	-9.828771203	-10.278830619
23	279	-0.152863899	279	-0.152863899	1	-10.663832107	-0.152840524
24	3008	-5.163747451	2940	-1.776763580	0	-12.445287368	-5.163743515
25	5817	-0.844544588	5817	-0.844544588	1	-10.349012552	-0.844512563
26	364	-1.307498026	364	-1.307498026	1	-9.111714411	-1.307387655
27	279	-0.324695899	279	-0.324695899	1	-11.090376212	-0.324680640
28	15361	-3.207130135	9403	-0.619922341	0	-11.422826470	-3.207119192
29	5395	-2.392119648	13234	-0.240588428	0	-10.060281040	-2.392076903
30	13	-0.042394632	13	-0.042394632	1	-6.970591539	-0.041455094
31	357	-4.235363437	2838	-1.276908351	0	-2.776714755	-4.171099380
32	2812	-6.643290508	2526	-1.593991268	0	-10.927425373	-6.643272549
33	1809	-0.166231577	1809	-0.166231577	1	-10.280373041	-0.166197276
34	682	-5.612833653	28712	-0.659151707	0	-10.563261662	-5.612807804
35	31877	-1.136775020	4442	-1.104723933	0	-13.746231082	-1.136773948
36	264	-0.519570392	264	-0.519570392	1	-11.076052707	-0.519554913
37	31511	-0.787161060	31511	-0.787161060	1	-12.327356525	-0.787156631
38	6990	-0.130777338	6990	-0.130777338	1	-11.706083277	-0.130769095
39	506	-1.583285046	364	-0.845747661	0	-8.710846615	-1.583120243
40	5600	-0.598112104	5600	-0.598112104	1	-12.198307035	-0.598107065
41	13	-1.688883308	11	-0.902948860	0	-8.544248107	-1.688688627
42	10643	-5.814088425	48654	-0.854138932	0	-4.192600808	-5.798866210
43	10756	-0.415871306	10756	-0.415871306	1	-13.407664938	-0.415869802
44	6587	-2.341019758	16561	-1.052235731	0	-11.270449766	-2.341007014
45	279	-1.277754668	264	-1.276686553	0	-12.191151981	-1.277749593
46	2748	-1.087354293	2748	-1.087354293	1	-14.369821181	-1.087353718
47	310	-0.013938463	310	-0.013938463	1	-8.758597887	-0.013781346
48	9150	-5.055568492	1436	-1.112464702	0	-10.761403835	-5.055547290
49	2235	-3.429129445	1330	-1.832751118	0	-12.328095280	-3.429125019
50	13640	-4.186762504	321	-1.348293952	0	-13.040943794	-4.186760334
51	440	-0.206416538	440	-0.206416538	1	-11.612295559	-0.206407484
52	264	-5.422556097	6278	-0.520655805	0	-12.253560239	-5.422551328
53	6278	-1.163700518	6278	-1.163700518	1	-12.843375620	-1.163697875
54	8329	-4.179969216	3177	-0.420976067	0	-13.590229416	-4.179967963
55	3019	-1.018628722	3019	-1.018628722	1	-10.790302878	-1.018608124
56	13	-0.322090683	13	-0.322090683	1	-8.216867027	-0.321820587
57	4188	-8.022035787	48654	-0.974101255	0	-3.744188497	-7.998096703
58	18660	-9.174192778	2748	-1.584424369	0	-13.091402404	-9.174190716
59	599	-1.232319304	599	-1.232319304	1	-12.738734671	-1.232316369
60	8341	-3.869902693	5324	-0.717822157	0	-13.277325712	-3.869900980
61	836	-0.836845961	279	-0.612038222	0	-12.684164610	-0.836842861
62	4874	-0.211561331	4874	-0.211561331	1	-15.914416442	-0.211561209
63	364	-0.987477390	11	-0.773636906	0	-10.316002934	-0.987444291
64	11168	-3.142794160	22892	-0.233643083	0	-11.596901444	-3.142784965
65	314	-0.000624013	314	-0.000624013	1	-9.475698781	-0.000547317
66	1578	-0.000540256	1578	-0.000540256	1	-15.301165103	-0.000540029
67	11	-0.420409791	11	-0.420409791	1	-7.603189103	-0.419910808
68	1345	-0.869151081	1345	-0.869151081	1	-12.140120471	-0.869145740
69	3672	-0.055228713	3672	-0.055228713	1	-11.654837134	-0.055220036
70	27469	-4.521401342	599	-0.447092946	0	-10.580494817	-4.521375935
71	948	-0.628261422	948	-0.628261422	1	-8.376263474	-0.628031126
72	279	-1.000941215	279	-1.000941215	1	-12.481255470	-1.000937418
73	37714	-1.250684190	3177	-0.991523194	0	-15.654717135	-1.250684031
74	7803	-6.777668153	11136	-0.881006394	0	-13.570403253	-6.777666875
75	557	-0.404591574	557	-0.404591574	1	-13.022455229	-0.404589364
76	5617	-0.021826405	5617	-0.021826405	1	-12.748892445	-0.021823499
77	13	-0.957304026	303	-0.556306864	0	-6.826416041	-0.956218698
78	48654	-2.013455092	248046	-1.335535704	0	-1.335535704	-1.708264315
79	54628	-7.012142938	45862	-1.539418024	0	-11.073019785	-7.012127413
80	264	-3.533150122	680	-0.288855002	0	-16.936068938	-3.533150078
81	17290	-11.109307006	3349	-0.768171981	0	-16.787463144	-11.109306955
82	10517	-1.207213959	23853	-0.512551865	0	-16.532701573	-1.207213893
83	888	-0.382285193	888	-0.382285193	1	-13.737860754	-0.382284112
84	279	-0.423576105	279	-0.423576105	1	-15.895433176	-0.423575980
85	2235	-1.007596346	2235	-1.007596346	1	-17.510346743	-1.007596321
86	2336	-0.128348432	2336	-0.128348432	1	-15.956326566	-0.128348315
87	748	-0.127867388	748	-0.127867388	1	-13.519176172	-0.127866043
88	279	-0.184017225	279	-0.184017225	1	-15.393562361	-0.184017019
89	2748	-0.502037172	2748	-0.502037172	1	-16.875837927	-0.502037125
90	628	-0.006832148	628	-0.006832148	1	-13.657553698	-0.006830977
91	11319	-0.447234086	11319	-0.447234086	1	-15.395476274	-0.447233880
92	279	-0.139474126	279	-0.139474126	1	-13.745249005	-0.139473053
93	14367	-6.962586658	4203	-1.236700313	0	-16.921525018	-6.962586613
94	321	-0.829093341	321	-0.829093341	1	-11.950025920	-0.829086882
95	1423	-3.987873135	5125	-1.287864742	0	-17.434231338	-3.987873108
96	279	-0.490493561	279	-0.490493561	1	-14.960909630	-0.490493243
97	13759	-1.988384580	2235	-1.457252835	0	-16.766468381	-1.988384528
98	13	-0.737833866	13	-0.737833866	1	-10.408911594	-0.737803703
99	2302	-3.981139559	248046	-1.819741625	0	-1.819741625	-3.804321685
100	6779	-3.637318515	2466	-2.171137714	0	-13.229565524	-3.637316718
101	421	-0.121544330	421	-0.121544330	1	-13.014967410	-0.121542103
102	279	-0.193612609	279	-0.193612609	1	-14.357636009	-0.193612028
103	14367	-2.551794252	13759	-0.912710389	0	-17.661557278	-2.551794230
104	2957	-0.529185762	2957	-0.529185762	1	-15.045620908	-0.529185469
105	7854	-2.984685022	10298	-1.196885187	0	-15.175067979	-2.984684765
106	264	-0.018730402	264	-0.018730402	1	-13.952949762	-0.018729530
107	21192	-4.240379182	2086	-0.330953446	0	-16.282325593	-4.240379097
108	35600	-3.062638121	1752	-1.214363890	0	-15.924177962	-3.062637999
109	1472	-7.274829029	11	-0.774541020	0	-11.077929615	-7.274813580
110	279	-0.789105013	279	-0.789105013	1	-13.933035448	-0.789104124
111	2945	-7.604303911	2981	-0.834890917	0	-17.642077640	-7.604303890
112	2981	-0.458760268	2981	-0.458760268	1	-14.150877005	-0.458759553
113	9057	-0.114217377	9057	-0.114217377	1	-12.464645005	-0.114213517
114	13	-0.118770624	13	-0.118770624	1	-7.080354715	-0.117928795
115	1061	-3.774744183	561	-1.689945370	0	-3.341237217	-3.738709522
116	8346	-4.029012842	14330	-1.677688760	0	-14.210993452	-4.029012168
117	10033	-3.532325354	1070	-0.057523337	0	-14.525662985	-3.532324863
118	3069	-0.050845100	3069	-0.050845100	1	-14.331088020	-0.050844503
119	3679	-4.814989829	279	-0.555734420	0	-15.586988711	-4.814989659
120	13959	-2.515044735	14533	-1.703206585	0	-15.391179369	-2.515044528
121	2404	-5.305824190	15196	-1.467734247	0	-14.900393873	-5.305823852
122	506	-1.639371842	43859	-0.525199860	0	-14.565957993	-1.639371370
123	449	-4.986943321	10016	-0.664544182	0	-17.513250904	-4.986943297
124	17957	-2.251840533	10016	-0.721546114	0	-15.035461367	-2.251840237
125	8937	-0.003744465	8937	-0.003744465	1	-11.941288334	-0.003737949
126	13	-0.080327496	13	-0.080327496	1	-6.445168957	-0.078738057
127	2332	-3.741907182	248046	-0.352712693	0	-0.352712693	-2.528627612
128	279	-2.734092023	35915	-1.389632490	0	-15.985933569	-2.734091909
129	809	-0.170457720	809	-0.170457720	1	-17.181001544	-0.170457686
130	314	-0.030877363	314	-0.030877363	1	-9.274420035	-0.030783566
131	279	-0.005810081	279	-0.005810081	1	-15.482940971	-0.005809892
132	6990	-0.330158078	6990	-0.330158078	1	-15.280436360	-0.330157847
133	11	-0.309856879	11	-0.309856879	1	-11.257474410	-0.309843969
134	1754	-4.176298969	48654	-0.673153751	0	-11.785624378	-4.176291356
135	1623	-0.037740814	1623	-0.037740814	1	-11.976318466	-0.037734523
136	65400	-4.745713515	20539	-0.734727187	0	-12.135814948	-4.745708151
137	264	-0.362023174	264	-0.362023174	1	-10.315717518	-0.361990065
138	5832	-4.410260931	2526	-0.463268057	0	-15.220937505	-4.410260685
139	494	-0.111984627	494	-0.111984627	1	-9.756334679	-0.111926699
140	279	-0.048490488	279	-0.048490488	1	-11.656675303	-0.048481827
141	7803	-1.888648768	23223	-1.248878260	0	-16.928576251	-1.888648723
142	310	-0.032154391	310	-0.032154391	1	-11.466872523	-0.032143920
143	279	-0.069294039	279	-0.069294039	1	-12.277624194	-0.069289384
144	23223	-0.641033640	23223	-0.641033640	1	-15.579194536	-0.641033468
145	321	-1.548396562	13	-0.961619828	0	-6.898307298	-1.547386559
146	8928	-2.814585143	13514	-0.911840850	0	-12.190097743	-2.814580062
147	2250	-1.268628906	279	-1.209979842	0	-9.087789367	-1.268515861
148	57902	-0.454978579	57902	-0.454978579	1	-11.833423251	-0.454971321
149	13	-0.285109756	13	-0.285109756	1	-4.371772049	-0.272400493
150	561	-3.434150443	248046	-0.544431434	0	-0.544431434	-2.566241326
151	10756	-1.339205998	10756	-1.339205998	1	-12.103023785	-1.339200456
152	49485	-5.326191453	9061	-0.315680054	0	-12.313406495	-5.326186962
153	279	-0.061263184	279	-0.061263184	1	-9.228888611	-0.061165017
154	36590	-0.829786280	36590	-0.829786280	1	-12.176566104	-0.829781130
155	310	-3.803196871	321	-0.756197893	0	-9.059838259	-3.803080622
156	4123	-2.578216259	958	-0.795974438	0	-13.120595638	-2.578214256
157	1070	-0.566755960	1070	-0.566755960	1	-11.887857625	-0.566749086
158	303	-0.172343556	303	-0.172343556	1	-9.853175465	-0.172290975
159	523	-0.103140354	523	-0.103140354	1	-14.279341221	-0.103139726
160	279	-2.914220803	13	-0.296686166	0	-3.999936097	-2.895734164
161	1727	-0.229429099	1727	-0.229429099	1	-9.165014121	-0.229324457
162	1834	-0.339422592	1834	-0.339422592	1	-8.527817138	-0.339224686
163	13	-0.614811662	13	-0.614811662	1	-0.915932420	-0.103747092
0	667	-8.250655221	2607	-2.414695786	0	-15.122546183	-8.250654950
1	58835	-5.289183430	585	-2.812882237	0	-8.973172955	-5.289056656
2	32747	-0.267215183	32747	-0.267215183	1	-15.629574707	-0.267215020
3	288	-0.541393712	288	-0.541393712	1	-12.806356862	-0.541390968
4	221666	-5.668210614	7239	-2.782444585	0	-13.330616344	-5.668208990
5	199028	-0.760040726	55949	-0.646988357	0	-21.291658367	-0.760040725
6	58835	-5.500970553	7239	-0.563159655	0	-15.014612387	-5.500970251
7	754	-0.000141474	754	-0.000141474	1	-21.318896147	-0.000141473
8	72	-0.000324783	72	-0.000324783	1	-21.028809128	-0.000324783
9	40634	-3.949468148	5157	-1.966059220	0	-13.283033383	-3.949466445
10	89	-0.001173268	89	-0.001173268	1	-21.458804320	-0.001173268
11	34614	-0.000913416	34614	-0.000913416	1	-22.221655523	-0.000913416
12	13	-1.750758606	11	-1.389226395	0	-13.266549069	-1.750756875
13	423	-4.368300730	457	-2.457511240	0	-14.234187656	-4.368300072
14	5475	-0.548348750	5475	-0.548348750	1	-18.054992403	-0.548348736
15	186523	-5.203843721	29837	-1.820975908	0	-12.823564418	-5.203841024
16	32747	-0.004751576	32747	-0.004751576	1	-22.399265839	-0.004751576
17	2682	-1.829515100	208818	-1.829295755	0	-15.489794732	-1.829514913
18	202675	-0.189069188	202675	-0.189069188	1	-20.725922620	-0.189069187
19	11	-0.533186917	11	-0.533186917	1	-14.723317628	-0.533186514
20	193633	-4.766367499	264	-1.775364462	0	-13.351344172	-4.766365908
21	4219	-0.000958409	4219	-0.000958409	1	-22.681473758	-0.000958409
22	29245	-1.863287612	29245	-1.863287612	1	-15.829631253	-1.863287479
23	21692	-0.008897547	21692	-0.008897547	1	-22.321216826	-0.008897547
24	69185	-0.002311936	69185	-0.002311936	1	-17.838225117	-0.002311918
25	585	-1.296484756	11	-0.709891128	0	-15.586707163	-1.296484586
26	231457	-9.407926937	152195	-1.600603958	0	-16.089257975	-9.407926834
27	32747	-0.009089427	32747	-0.009089427	1	-20.445170479	-0.009089426
28	7609	-8.120105162	1626	-1.839242354	0	-14.918169394	-8.120104830
29	919	-0.374410963	919	-0.374410963	1	-15.265256024	-0.374410729
30	3680	-0.000061572	3680	-0.000061572	1	-21.181825698	-0.000061572
31	13	-0.965378301	13	-0.965378301	1	-11.411372678	-0.965367232
32	166255	-4.291083123	13312	-1.300418641	0	-13.557773854	-4.291081829
33	442	-0.191756190	442	-0.191756190	1	-19.818274916	-0.191756187
34	307	-0.490453649	307	-0.490453649	1	-16.641767192	-0.490453589
35	40451	-0.000121384	40451	-0.000121384	1	-25.021759301	-0.000121384
36	164295	-0.013303850	164295	-0.013303850	1	-25.601091478	-0.013303850
37	39772	-9.568962286	11	-1.406049917	0	-12.658092210	-9.568959104
38	627	-0.000475427	627	-0.000475427	1	-20.795951387	-0.000475426
39	6660	-2.062561702	36378	-1.513263416	0	-15.956067752	-2.062561585
40	13817	-0.002386243	13817	-0.002386243	1	-21.704456718	-0.002386243
41	4176	-5.125627441	11	-0.296991272	0	-13.233481331	-5.125625652
42	31043	-1.285364025	190791	-0.821460597	0	-17.928144150	-1.285364008
43	1468	-0.000144452	1468	-0.000144452	1	-22.890679151	-0.000144452
44	33876	-1.205125029	1068	-0.357722457	0	-22.451296444	-1.205125029
45	73	-0.000222022	73	-0.000222022	1	-20.918829734	-0.000222021
46	190791	-0.185572857	190791	-0.185572857	1	-18.074977392	-0.185572843
47	341	-0.000431227	341	-0.000431227	1	-21.401171851	-0.000431227
48	13	-1.063870330	11	-0.693735976	0	-11.881014247	-1.063863409
49	176370	-6.013245690	13412	-1.395960916	0	-12.646289456	-6.013242471
50	52715	-3.870168760	185679	-2.257635190	0	-13.939590528	-3.870167876
51	2057	-0.082530879	2057	-0.082530879	1	-19.340003513	-0.082530875
52	627	-0.001758267	627	-0.001758267	1	-20.301087786	-0.001758266
53	200157	-2.168955001	14270	-0.366373214	0	-16.176915083	-2.168954907
54	192991	-0.060391148	192991	-0.060391148	1	-17.710049352	-0.060391128
55	11	-0.159918402	11	-0.159918402	1	-14.803731059	-0.159918030
56	4176	-5.373740169	280	-0.598963711	0	-16.467461559	-5.373740099
57	224601	-0.763400315	224601	-0.763400315	1	-17.290442108	-0.763400284
58	174143	-3.572976945	243918	-0.564075349	0	-17.269718407	-3.572976913
59	211164	-0.071371713	211164	-0.071371713	1	-20.002627531	-0.071371711
60	7485	-0.000223495	7485	-0.000223495	1	-17.244319774	-0.000223463
61	12299	-0.033506621	12299	-0.033506621	1	-14.506098498	-0.033506119
62	280	-1.145405861	280	-1.145405861	1	-16.911051604	-1.145405816
63	77132	-0.000376198	77132	-0.000376198	1	-21.980766270	-0.000376198
64	236020	-0.002437835	236020	-0.002437835	1	-20.463191753	-0.002437834
65	13	-0.429089597	13	-0.429089597	1	-11.110382131	-0.429074640
66	13412	-3.445993180	176370	-1.655405754	0	-10.847695107	-3.445973730
67	230775	-3.392048866	52715	-1.258970291	0	-16.369783551	-3.392048788
68	162616	-0.023895636	162616	-0.023895636	1	-19.013876632	-0.023895631
69	34470	-3.339684751	1519	-0.071315076	0	-18.850193288	-3.339684744
70	18175	-0.000982982	18175	-0.000982982	1	-21.306051713	-0.000982981
71	1473	-1.000391121	1473	-1.000391121	1	-14.089410419	-1.000390361
72	667	-0.000722280	667	-0.000722280	1	-20.355089537	-0.000722279
73	39537	-2.242059855	17265	-1.865122942	0	-14.874774603	-2.242059508
74	163300	-0.002688920	163300	-0.002688920	1	-20.589376962	-0.002688919
75	189193	-0.305005759	189193	-0.305005759	1	-14.877628773	-0.305005413
76	155985	-0.412742662	155985	-0.412742662	1	-19.914007473	-0.412742660
77	585	-1.013653228	585	-1.013653228	1	-15.090473840	-1.013652949
78	164571	-4.592935842	28897	-2.673400205	0	-15.268965763	-4.592935608
79	163300	-0.002235720	163300	-0.002235720	1	-20.742248604	-0.002235719
80	187221	-4.894900388	307	-0.620701855	0	-15.671640939	-4.894900231
81	6433	-0.863196359	1183	-0.550091729	0	-21.168459878	-0.863196358
82	635	-0.098062825	635	-0.098062825	1	-17.210112166	-0.098062791
83	32801	-4.139484763	5333	-0.444861770	0	-16.635361910	-4.139484704
84	754	-0.001194256	754	-0.001194256	1	-21.836622970	-0.001194255
85	12859	-0.029200230	12859	-0.029200230	1	-19.875243221	-0.029200228
86	162616	-0.079158272	162616	-0.079158272	1	-17.552103485	-0.079158248
87	34470	-2.111649139	64	-0.149181945	0	-18.709173543	-2.111649131
88	667	-0.155521694	667	-0.155521694	1	-15.691064182	-0.155521541
89	13	-0.225958570	13	-0.225958570	1	-13.290117963	-0.225956878
90	710	-5.571292216	457	-2.274559313	0	-11.368736082	-5.571280664
91	764	-0.896399359	764	-0.896399359	1	-18.164664129	-0.896399346
92	47521	-8.077914121	189193	-1.326924207	0	-14.802750709	-8.077913748
93	162616	-2.863677163	7898	-0.306410928	0	-17.715766211	-2.863677143
94	34470	-0.046112128	34470	-0.046112128	1	-19.665536471	-0.046112125
95	26000	-0.000068351	26000	-0.000068351	1	-22.704171344	-0.000068351
96	10989	-2.208637972	12911	-1.143893976	0	-14.230790634	-2.208637312
97	182983	-0.758691662	182983	-0.758691662	1	-16.820920700	-0.758691613
98	211399	-1.223405039	12911	-1.046143687	0	-17.037997639	-1.223404999
99	183129	-0.331645955	183129	-0.331645955	1	-16.637357463	-0.331645895
100	68917	-0.000279022	68917	-0.000279022	1	-19.087058617	-0.000279017
101	2597	-2.368989260	3091	-0.280455859	0	-15.667482169	-2.368989103
102	74638	-1.149424986	358	-1.093104795	0	-20.270627455	-1.149424984
103	16102	-2.552078679	307	-0.775515034	0	-17.158768370	-2.552078643
104	298	-0.000184430	298	-0.000184430	1	-19.295730961	-0.000184426
105	19044	-0.000122171	19044	-0.000122171	1	-19.764438730	-0.000122168
106	13	-0.273402941	13	-0.273402941	1	-11.193273318	-0.273389175
107	199597	-3.917285848	271	-1.754012037	0	-9.928277898	-3.917237071
108	29837	-4.388010988	1473	-1.177031526	0	-13.675868997	-4.388009838
109	208325	-2.779545796	199950	-1.489450467	0	-15.460312021	-2.779545603
110	241740	-2.727228714	919	-1.075859620	0	-15.778673722	-2.727228574
111	89869	-3.731241685	919	-0.821598511	0	-16.930092436	-3.731241640
112	663	-0.000509686	663	-0.000509686	1	-23.152483648	-0.000509685
113	94777	-2.552547141	1473	-1.481042548	0	-13.834968253	-2.552546160
114	32747	-0.002851260	32747	-0.002851260	1	-22.089579952	-0.002851260
115	7256	-1.657738958	187839	-0.957505499	0	-16.449761067	-1.657738886
116	42925	-3.080793217	77908	-0.295615986	0	-18.591729239	-3.080793209
117	28332	-0.085315285	28332	-0.085315285	1	-18.247144280	-0.085315273
118	38698	-0.009389351	38698	-0.009389351	1	-22.604637096	-0.009389351
119	4991	-0.000034714	4991	-0.000034714	1	-18.401175881	-0.000034704
120	13	-0.824587781	13	-0.824587781	1	-12.109163244	-0.824582272
121	233415	-6.366485044	271	-1.407775327	0	-9.811126157	-6.366430204
122	195764	-5.537274587	58438	-1.902259099	0	-14.755120027	-5.537274196
123	238056	-0.040681604	238056	-0.040681604	1	-17.681021932	-0.040681583
124	185729	-4.281711234	220	-1.765297545	0	-14.762073291	-4.281710846
125	24068	-0.004696165	24068	-0.004696165	1	-21.146787677	-0.004696164
126	10989	-8.131624040	36626	-0.495928583	0	-16.021546301	-8.131623930
127	54777	-0.001526769	54777	-0.001526769	1	-22.930351015	-0.001526769
128	68380	-0.006463432	68380	-0.006463432	1	-23.340549731	-0.006463432
129	187221	-0.399673876	187221	-0.399673876	1	-17.343044099	-0.399673847
130	90238	-0.000125085	90238	-0.000125085	1	-20.463644182	-0.000125084
131	585	-1.927683536	13	-0.815548603	0	-12.928932849	-1.927681109
132	189730	-1.164447021	189730	-1.164447021	1	-15.981516193	-1.164446906
133	292	-2.131398826	24899	-1.888703017	0	-16.165058761	-2.131398730
134	33150	-0.000531451	33150	-0.000531451	1	-21.346701400	-0.000531451
135	68	-0.002276405	68	-0.002276405	1	-19.349004730	-0.002276401
136	7953	-0.557621447	7953	-0.557621447	1	-17.170141188	-0.557621412
137	261	-0.000006110	261	-0.000006110	1	-23.738619001	-0.000006110
138	2891	-0.702233873	4107	-0.686160646	0	-19.476302706	-0.702233870
139	13	-0.091939504	13	-0.091939504	1	-11.189058836	-0.091925679
140	71378	-5.541093432	1473	-0.571356380	0	-10.595478618	-5.541068403
141	11913	-0.013470763	11913	-0.013470763	1	-21.573460334	-0.013470762
142	71794	-0.072371522	71794	-0.072371522	1	-16.393679658	-0.072371446
143	7256	-1.590445133	186442	-1.205046269	0	-13.076843830	-1.590443040
144	57495	-0.335106906	57495	-0.335106906	1	-14.906239328	-0.335106571
145	2597	-0.072353720	2597	-0.072353720	1	-17.205084204	-0.072353686
146	22991	-0.000651257	22991	-0.000651257	1	-19.317007916	-0.000651253
147	288	-0.947906513	288	-0.947906513	1	-14.528902072	-0.947906023
148	8668	-1.529258563	17452	-0.926210238	0	-16.004529788	-1.529258451
149	218223	-0.002435419	218223	-0.002435419	1	-18.508203718	-0.002435409
150	13	-0.324378976	13	-0.324378976	1	-9.262952813	-0.324284097
151	1473	-1.480894840	1473	-1.480894840	1	-8.687095916	-1.480726076
152	667	-0.000175928	667	-0.000175928	1	-19.234228586	-0.000175923
153	193633	-2.765452739	11923	-1.285376903	0	-13.124075290	-2.765450743
154	4219	-0.022503773	4219	-0.022503773	1	-16.033731857	-0.022503664
155	17244	-2.784510942	11	-1.900740953	0	-13.822654577	-2.784509950
156	12586	-0.000138481	12586	-0.000138481	1	-21.985086639	-0.000138480
157	4208	-2.421649523	585	-1.406884738	0	-12.278793879	-2.421644874
158	895	-0.000601010	895	-0.000601010	1	-23.629610734	-0.000601010
159	11	-1.264739202	585	-0.748549627	0	-11.395122693	-1.264727951
160	185365	-5.373382825	688	-1.692416447	0	-14.332248229	-5.373382228
161	183242	-2.271774162	10989	-1.667281975	0	-15.273657550	-2.271773930
162	237392	-0.787359648	237392	-0.787359648	1	-16.316633873	-0.787359566
163	35051	-2.089783568	52715	-1.408436674	0	-16.122900385	-2.089783468
164	5679	-0.000142203	5679	-0.000142203	1	-24.046737061	-0.000142202
165	26330	-0.257231816	26330	-0.257231816	1	-23.267927274	-0.257231816
166	28611	-0.000500746	28611	-0.000500746	1	-21.764602728	-0.000500745
167	35673	-5.749743895	208153	-0.519500212	0	-17.039804654	-5.749743855
168	88	-0.001057385	88	-0.001057385	1	-20.521102666	-0.001057384
169	4746	-0.008289881	4746	-0.008289881	1	-16.706771918	-0.008289825
170	199246	-0.000771850	199246	-0.000771850	1	-16.970893233	-0.000771807
171	47521	-0.799830324	47521	-0.799830324	1	-10.865377313	-0.799811215
172	36758	-0.450552589	36758	-0.450552589	1	-15.986310369	-0.450552475
173	204636	-0.000040905	204636	-0.000040905	1	-19.501948253	-0.000040901
174	13	-0.042295891	13	-0.042295891	1	-8.969129044	-0.042168604
175	12444	-3.180459643	271	-1.405586863	0	-7.793189669	-3.180047022
176	55385	-4.434868294	209050	-0.362448174	0	-15.900848109	-4.434868170
177	171784	-0.755342939	171784	-0.755342939	1	-19.202666738	-0.755342934
178	231457	-2.114082492	29837	-1.825624621	0	-13.840010799	-2.114081516
179	32747	-0.004938704	32747	-0.004938704	1	-19.533873243	-0.004938701
180	44277	-2.284787993	7609	-1.965206007	0	-14.345528464	-2.284787404
181	86	-1.633482731	223835	-0.715822971	0	-19.239960230	-1.633482726
182	66224	-0.072677905	66224	-0.072677905	1	-17.686873252	-0.072677884
183	218070	-0.560276927	218070	-0.560276927	1	-13.874720515	-0.560275984
184	34297	-3.467385228	11	-0.716345723	0	-11.202357228	-3.467371586
185	11923	-1.331102082	11923	-1.331102082	1	-14.639586159	-1.331101643
186	24524	-0.000720033	24524	-0.000720033	1	-21.998245010	-0.000720033
187	4991	-0.000583063	4991	-0.000583063	1	-17.846933732	-0.000583045
188	219486	-0.700790621	219486	-0.700790621	1	-14.895522572	-0.700790282
189	13	-0.095873205	13	-0.095873205	1	-9.962787000	-0.095826083
190	3054	-5.027405464	271	-2.270370209	0	-9.267249309	-5.027310991
191	156508	-3.053122228	193782	-1.661824888	0	-15.361170000	-3.053122015
192	4405	-0.004103909	4405	-0.004103909	1	-17.069659005	-0.004103871
193	71252	-0.016298048	71252	-0.016298048	1	-17.776615374	-0.016298029
194	163300	-0.003559651	163300	-0.003559651	1	-19.657538476	-0.003559649
195	195816	-2.898572987	175678	-2.064439839	0	-14.879644817	-2.898572642
196	181233	-0.010787570	181233	-0.010787570	1	-18.655982577	-0.010787562
197	821	-0.446037715	821	-0.446037715	1	-12.203970378	-0.446032705
198	23364	-0.000105416	23364	-0.000105416	1	-16.717611348	-0.000105361
199	164840	-4.168770452	13	-0.722666403	0	-9.014050146	-4.168648757
200	4107	-0.000170603	4107	-0.000170603	1	-19.276590719	-0.000170599
201	18570	-0.000058599	18570	-0.000058599	1	-16.387304731	-0.000058523
202	585	-3.258915329	13	-0.523167992	0	-7.827227021	-3.258516520
203	55385	-2.741169842	7609	-1.888138684	0	-14.786288174	-2.741169464
204	81531	-0.836992897	81531	-0.836992897	1	-18.847106852	-0.836992891
205	1110	-0.126077945	1110	-0.126077945	1	-12.233208949	-0.126073079
206	7274	-0.692498806	7274	-0.692498806	1	-15.834234837	-0.692498674
207	8086	-0.000185899	8086	-0.000185899	1	-21.813714198	-0.000185899
208	77132	-0.000026634	77132	-0.000026634	1	-21.602571419	-0.000026634
209	204636	-0.002357076	204636	-0.002357076	1	-16.103766511	-0.002356974
210	13	-0.228129108	13	-0.228129108	1	-8.791987140	-0.227977151
0	6297	-10.853876677	220	-3.873562899	0	-10.565876093	-10.853850895
1	10220	-3.306754403	369	-2.272698693	0	-10.768098168	-3.306733342
2	2961	-6.885193066	220	-1.935307698	0	-14.611189560	-6.885192615
3	314	-0.414956306	314	-0.414956306	1	-13.722403262	-0.414955208
4	11064	-4.635580695	264	-2.433801330	0	-14.644565261	-4.635580259
5	79752	-1.444322174	709	-1.199752396	0	-13.312412327	-1.444320521
6	13	-1.464349150	13	-1.464349150	1	-12.599020361	-1.464345774
7	561	-2.887754534	8618	-2.206499193	0	-10.861048792	-2.887735342
8	1328	-3.479449644	6297	-0.867921248	0	-16.891901865	-3.479449598
9	1902	-3.395623923	369	-1.180160285	0	-12.397428275	-3.395619794
10	2830	-3.922212585	39867	-0.899091705	0	-15.626717552	-3.922212422
11	1396	-1.669217051	279	-1.607434214	0	-14.973749579	-1.669216737
12	1879	-0.964477985	1879	-0.964477985	1	-17.488368957	-0.964477960
13	421	-0.202817138	421	-0.202817138	1	-16.362909015	-0.202817060
14	4203	-7.427934508	628	-0.632858138	0	-19.608376841	-7.427934505
15	279	-0.024144589	279	-0.024144589	1	-15.319024979	-0.024144367
16	1067	-0.603211867	1067	-0.603211867	1	-18.208897339	-0.603211854
17	13	-0.882722631	13	-0.882722631	1	-14.112301603	-0.882721888
18	1368	-2.949172710	1690	-1.947822307	0	-7.906067584	-2.948804141
19	279	-1.493603170	264	-1.377798497	0	-14.019753873	-1.493602354
20	33303	-2.883273352	1328	-0.777802695	0	-16.490790594	-2.883273283
21	1048	-2.067551212	13402	-0.539499835	0	-15.684063510	-2.067551057
22	13402	-0.129318672	13402	-0.129318672	1	-18.777918774	-0.129318665
23	383	-0.001129973	383	-0.001129973	1	-16.967483389	-0.001129930
24	264	-1.633011471	279	-1.590056073	0	-15.279843937	-1.633011240
25	6343	-4.006679555	24983	-1.435802480	0	-17.112662336	-4.006679518
26	2243	-9.203716513	869	-1.010290381	0	-14.490316149	-9.203716004
27	11	-0.666807206	11	-0.666807206	1	-13.571123155	-0.666805930
28	421	-2.780589337	279	-1.771363492	0	-14.929339642	-2.780589009
29	2243	-0.126359660	2243	-0.126359660	1	-13.386138637	-0.126358124
30	16673	-2.782082384	1902	-0.477614229	0	-15.904675310	-2.782082260
31	303	-0.016574358	303	-0.016574358	1	-13.706709360	-0.016573243
32	279	-0.000955955	279	-0.000955955	1	-14.936914818	-0.000955630
33	1328	-0.188585756	1328	-0.188585756	1	-16.539878843	-0.188585690
34	13	-0.445054618	13	-0.445054618	1	-10.191152183	-0.445017117
35	357	-3.023168333	271	-0.986671217	0	-3.294430502	-2.985373875
36	4145	-6.124060296	6297	-1.091575288	0	-15.028017186	-6.124059998
37	12654	-5.306802628	5010	-1.709980843	0	-13.230269311	-5.306800833
38	7873	-2.240856766	3010	-1.042391418	0	-13.922962784	-2.240855868
39	5533	-1.973323323	25	-1.829663731	0	-10.815566517	-1.973303238
40	264	-0.490213884	264	-0.490213884	1	-13.168943418	-0.490211975
41	10675	-0.370531776	10675	-0.370531776	1	-15.460211494	-0.370531583
42	25	-2.591173314	321	-1.452722692	0	-10.800852918	-2.591152932
43	271	-0.656900129	271	-0.656900129	1	-9.193520269	-0.656798427
44	727	-1.870027675	71093	-0.399984493	0	-12.479357376	-1.870023871
45	9057	-3.605526203	12204	-1.617431873	0	-12.543456310	-3.605522635
46	62196	-3.745977123	1393	-0.597160060	0	-15.556977708	-3.745976947
47	3553	-1.731455204	1393	-1.016313908	0	-14.201380608	-1.731454524
48	11	-1.077877807	1590	-0.990029143	0	-14.854984568	-1.077877453
49	6297	-3.035593499	2124	-0.870842446	0	-16.168176163	-3.035593404
50	1590	-0.600769589	1590	-0.600769589	1	-14.102520535	-0.600768838
51	198	-0.247400523	198	-0.247400523	1	-8.272765399	-0.247145112
52	262	-0.226711437	262	-0.226711437	1	-12.283159419	-0.226706808
53	413	-0.160730492	413	-0.160730492	1	-13.617672097	-0.160729274
54	869	-0.007126990	869	-0.007126990	1	-14.885366621	-0.007126647
55	524	-1.437898897	303	-0.271776461	0	-16.173301481	-1.437898803
56	303	-0.000391073	303	-0.000391073	1	-13.999372549	-0.000390241
57	6297	-0.000475342	6297	-0.000475342	1	-15.799720223	-0.000475204
58	25	-0.002646191	25	-0.002646191	1	-13.074598057	-0.002644093
59	198	-0.018628917	198	-0.018628917	1	-10.195168338	-0.018591566
60	285	-0.004956162	285	-0.004956162	1	-13.432119286	-0.004954694
61	6297	-0.020604500	6297	-0.020604500	1	-17.859942326	-0.020604483
62	42997	-0.003324035	42997	-0.003324035	1	-15.567462447	-0.003323862
63	60	-0.002974038	60	-0.002974038	1	-12.707129960	-0.002971009
64	283	-0.000406037	283	-0.000406037	1	-13.059871445	-0.000403908
65	869	-0.038039377	869	-0.038039377	1	-14.221342733	-0.038038710
66	348	-0.021231218	348	-0.021231218	1	-12.861229463	-0.021228621
67	869	-0.003868465	869	-0.003868465	1	-15.823678855	-0.003868331
68	198	-0.018103505	198	-0.018103505	1	-10.815691853	-0.018083422
69	262	-0.010520962	262	-0.010520962	1	-12.358267811	-0.010516668
70	460	-0.001206452	460	-0.001206452	1	-15.577037866	-0.001206281
71	6297	-0.001170431	6297	-0.001170431	1	-13.100925719	-0.001168388
72	42997	-0.000594863	42997	-0.000594863	1	-15.205101260	-0.000594614
73	60	-0.008786244	60	-0.008786244	1	-10.129563374	-0.008746360
74	271	-0.074981573	271	-0.074981573	1	-5.469280126	-0.070758403
75	9082	-2.538445567	1919	-1.324786280	0	-10.807581996	-2.538425321
76	283	-0.028025254	283	-0.028025254	1	-14.027712926	-0.028024445
77	4535	-0.046768650	4535	-0.046768650	1	-12.017876133	-0.046762615
78	198	-0.073569070	198	-0.073569070	1	-7.555361520	-0.073045636
79	2138	-3.829682134	1302	-0.523659490	0	-12.687676691	-3.829679045
80	9057	-0.033456914	9057	-0.033456914	1	-12.383617512	-0.033452727
81	62196	-0.000142227	62196	-0.000142227	1	-18.480471741	-0.000142218
82	7	-0.001459021	7	-0.001459021	1	-15.408069509	-0.001458817
83	22	-1.822132078	19	-0.971334425	0	-16.339292494	-1.822131998
84	11	-0.001441498	11	-0.001441498	1	-16.214367885	-0.001441407
85	6297	-0.002389269	6297	-0.002389269	1	-14.068875627	-0.002388492
86	8	-0.000679531	8	-0.000679531	1	-13.377226391	-0.000677981
87	606	-0.004623725	606	-0.004623725	1	-12.305666282	-0.004619199
88	220	-0.031334829	220	-0.031334829	1	-13.504278135	-0.031333464
89	19	-0.000350927	19	-0.000350927	1	-15.506862615	-0.000350743
90	24	-0.000077605	24	-0.000077605	1	-15.404582381	-0.000077401
91	198	-0.287450191	198	-0.287450191	1	-9.494559642	-0.287374928
92	2138	-0.031957911	2138	-0.031957911	1	-10.604337976	-0.031933102
93	9057	-0.090298535	9057	-0.090298535	1	-15.234939457	-0.090298293
94	62196	-0.000392675	62196	-0.000392675	1	-19.996961593	-0.000392673
95	3944	-7.926018834	7	-0.001261830	0	-17.966846585	-7.926018818
96	18	-1.747510719	22	-0.780248451	0	-16.984062004	-1.747510677
97	11	-0.007040528	11	-0.007040528	1	-16.492111711	-0.007040460
98	6297	-0.003877459	6297	-0.003877459	1	-15.377801715	-0.003877250
99	8	-0.001704451	8	-0.001704451	1	-14.596562620	-0.001703993
100	606	-0.003236043	606	-0.003236043	1	-12.847460973	-0.003233410
101	220	-0.006086131	220	-0.006086131	1	-13.524293681	-0.006084793
102	24	-0.001289677	24	-0.001289677	1	-15.185556721	-0.001289423
103	198	-0.544918864	198	-0.544918864	1	-8.497843592	-0.544714935
104	2138	-0.056205822	2138	-0.056205822	1	-10.447786404	-0.056176809
105	9057	-0.271724530	9057	-0.271724530	1	-15.471823521	-0.271724339
106	62196	-0.000275594	62196	-0.000275594	1	-18.577957136	-0.000275586
107	7	-0.056313911	7	-0.056313911	1	-19.235433021	-0.056313907
108	22	-0.092152958	22	-0.092152958	1	-18.421919709	-0.092152948
109	11	-0.000369079	11	-0.000369079	1	-16.621242054	-0.000369019
110	6297	-0.000300390	6297	-0.000300390	1	-15.731975538	-0.000300243
111	8	-0.000942928	8	-0.000942928	1	-12.579070789	-0.000939484
112	606	-0.003057868	606	-0.003057868	1	-11.959150702	-0.003051468
113	220	-0.001585156	220	-0.001585156	1	-11.942520290	-0.001578648
114	19	-0.001307147	19	-0.001307147	1	-13.335762637	-0.001305532
115	24	-0.000266357	24	-0.000266357	1	-11.756367966	-0.000258518
116	198	-2.453593560	271	-0.403809853	0	-6.331657716	-2.451812894
117	2138	-0.336415919	2138	-0.336415919	1	-8.160181674	-0.336130068
118	2343	-0.629099242	2343	-0.629099242	1	-13.702311866	-0.629098122
119	30883	-0.002847077	30883	-0.002847077	1	-14.939272762	-0.002846751
120	8	-0.002250331	8	-0.002250331	1	-14.897529261	-0.002249992
121	606	-0.004549718	606	-0.004549718	1	-9.583842016	-0.004480884
122	220	-0.001117040	220	-0.001117040	1	-11.587844182	-0.001107761
123	17	-0.008080686	17	-0.008080686	1	-12.844411100	-0.008078046
124	271	-0.211294555	271	-0.211294555	1	-6.181703949	-0.209225513
125	1919	-2.113772852	760	-1.445235712	0	-9.658318980	-2.113708958
126	3010	-1.841266483	3010	-1.841266483	1	-17.726110786	-1.841266463
127	3749	-7.776397083	4774	-1.519848201	0	-16.504581306	-7.776397015
128	874	-1.924385042	264	-1.126495332	0	-14.756964655	-1.924384652
129	75555	-1.069696955	75555	-1.069696955	1	-16.472116999	-1.069696885
130	4687	-0.644576631	4687	-0.644576631	1	-14.483861528	-0.644576118
131	1521	-0.690668668	1521	-0.690668668	1	-12.491993513	-0.690664912
132	279	-0.528997689	279	-0.528997689	1	-14.363612443	-0.528997111
133	1879	-3.546771442	51797	-1.855008518	0	-17.901404773	-3.546771425
134	716	-1.934298603	7697	-0.903084843	0	-14.696347325	-1.934298189
135	369	-0.044454938	369	-0.044454938	1	-17.572402363	-0.044454914
136	2526	-1.281168241	13280	-1.049064893	0	-17.165899534	-1.281168206
137	13	-0.398530222	13	-0.398530222	1	-11.017388560	-0.398513808
138	357	-2.387735828	733	-1.172335132	0	-6.249556049	-2.385802649
139	1248	-5.681311271	5492	-0.644995354	0	-16.852616451	-5.681311224
140	51695	-0.697207214	51695	-0.697207214	1	-12.555536510	-0.697203688
141	2393	-0.382044779	2393	-0.382044779	1	-14.409977900	-0.382044227
142	1189	-4.983424267	3749	-0.940138897	0	-17.282517036	-4.983424235
143	5091	-6.460072840	1144	-0.298929538	0	-17.805495108	-6.460072822
144	11391	-2.327546711	632	-1.159801121	0	-15.721695537	-2.327546562
145	314	-0.009799117	314	-0.009799117	1	-14.146672362	-0.009798399
146	12103	-0.399975656	12103	-0.399975656	1	-15.792473195	-0.399975517
147	10804	-1.085483409	6679	-0.965648509	0	-15.020760871	-1.085483110
148	13	-0.274462161	13	-0.274462161	1	-16.474978862	-0.274462091
149	1049	-1.515777972	1049	-1.515777972	1	-13.619899180	-1.515776756
150	3749	-2.048234345	1179	-0.892611863	0	-19.416585328	-2.048234342
151	264	-0.394423988	264	-0.394423988	1	-15.970271614	-0.394423872
152	4779	-5.063168134	59056	-1.644852247	0	-18.519576873	-5.063168125
153	3798	-0.479815057	3798	-0.479815057	1	-17.230361513	-0.479815025
154	321	-0.544954688	321	-0.544954688	1	-16.373873622	-0.544954611
155	264	-0.438679727	264	-0.438679727	1	-18.740828069	-0.438679720
156	4687	-1.689086427	13329	-0.385953416	0	-19.915913094	-1.689086424
157	364	-1.479446687	1680	-0.483387270	0	-17.065439501	-1.479446649
158	17068	-0.626733215	17068	-0.626733215	1	-17.549616248	-0.626733191
159	10379	-1.906071098	2235	-0.805441291	0	-17.767545612	-1.906071079
160	13	-0.186418199	13	-0.186418199	1	-13.724364900	-0.186417103
161	561	-2.730025408	87401	-0.936730501	0	-8.104012605	-2.729723038
162	3140	-4.349869529	4687	-1.100423613	0	-16.519650737	-4.349869462
163	5742	-0.587429055	5742	-0.587429055	1	-16.629248628	-0.587428995
164	1429	-0.001437773	1429	-0.001437773	1	-15.240704169	-0.001437533
165	4687	-0.590949037	4687	-0.590949037	1	-14.786384561	-0.590948658
166	13205	-2.978839385	369	-1.156926620	0	-15.852245795	-2.978839255
167	3627	-9.626080886	5742	-1.212815658	0	-15.874375716	-9.626080759
168	314	-0.003543749	314	-0.003543749	1	-15.859044447	-0.003543619
169	2528	-0.150140410	2528	-0.150140410	1	-18.556206350	-0.150140401
170	1906	-0.092108458	1906	-0.092108458	1	-18.249101370	-0.092108446
171	13	-0.579018729	13	-0.579018729	1	-14.228911536	-0.579018067
172	19537	-10.597136206	12654	-1.136018461	0	-9.218318647	-10.597036995
173	1220	-0.352136508	1220	-0.352136508	1	-17.221330539	-0.352136475
174	9845	-1.052917226	9845	-1.052917226	1	-18.506111606	-1.052917217
175	2107	-1.828429298	421	-1.460587578	0	-17.190809326	-1.828429264
176	279	-2.224343124	55404	-0.799357238	0	-17.796483340	-2.224343105
177	5743	-2.335140321	19954	-1.815233323	0	-19.566866729	-2.335140318
178	2663	-1.856675222	869	-0.259802892	0	-18.130992010	-1.856675209
179	321	-0.001421092	321	-0.001421092	1	-16.217861293	-0.001421002
180	279	-0.240873365	279	-0.240873365	1	-18.872629194	-0.240873359
181	7465	-5.187196260	1324	-1.219419008	0	-19.860811716	-5.187196258
182	948	-1.156563887	948	-1.156563887	1	-17.713166842	-1.156563866
183	279	-0.322847794	279	-0.322847794	1	-17.788090180	-0.322847775
184	3798	-2.027490728	6297	-0.185575597	0	-19.981519811	-2.027490726
185	369	-0.035301139	369	-0.035301139	1	-20.739984920	-0.035301138
186	8379	-0.229073267	8379	-0.229073267	1	-19.826306801	-0.229073264
187	13	-0.375377750	13	-0.375377750	1	-7.394217586	-0.374762763
0	53952	-9.839527004	220	-3.818526141	0	-10.569639079	-9.839501319
1	49485	-8.688865376	682	-1.128982258	0	-11.673821163	-8.688856862
2	3000	-0.624340142	3000	-0.624340142	1	-12.261005963	-0.624335409
3	888	-1.867881950	1472	-1.270580467	0	-12.538592037	-1.867878365
4	449	-1.920191945	264	-0.706130208	0	-17.433759393	-1.920191918
5	9581	-9.336751574	2982	-0.898709887	0	-17.947272414	-9.336751558
6	314	-0.182862786	314	-0.182862786	1	-12.156138924	-0.182857530
7	854	-1.147008930	220	-0.728475605	0	-12.675885234	-1.147005804
8	13	-1.269809686	13	-1.269809686	1	-9.855590784	-1.269757232
9	357	-3.152934060	561	-1.828686700	0	-9.591761575	-3.152865769
10	4860	-3.924453925	53952	-2.564130972	0	-14.183211039	-3.924453232
11	13926	-1.116432638	13926	-1.116432638	1	-14.575212927	-1.116432170
12	20352	-5.012869148	854	-1.435436515	0	-13.080282478	-5.012867062
13	36334	-0.839370104	36334	-0.839370104	1	-10.788671823	-0.839349471
14	9467	-4.649077067	261	-0.075602183	0	-15.644935737	-4.649076907
15	11	-2.212849219	421	-1.194676001	0	-12.319436629	-2.212844755
16	694	-1.054057636	694	-1.054057636	1	-15.273584880	-1.054057403
17	279	-1.839865168	279	-1.839865168	1	-14.403796156	-1.839864612
18	6053	-4.577942852	9467	-2.359255794	0	-15.739548925	-4.577942706
19	1048	-3.889629819	579	-1.715495564	0	-13.727812268	-3.889628727
20	7189	-1.245218526	7189	-1.245218526	1	-14.699809800	-1.245218113
21	777	-2.552860621	279	-2.144049052	0	-12.358168009	-2.552856327
22	11639	-1.212441484	11639	-1.212441484	1	-12.546240846	-1.212437926
23	13	-0.675732984	13	-0.675732984	1	-10.307542219	-0.675699603
24	37237	-5.689510372	561	-2.096966770	0	-7.467666653	-5.688938949
25	13865	-0.000295907	13865	-0.000295907	1	-24.277378350	-0.000295907
26	382	-0.025188983	382	-0.025188983	1	-20.724142135	-0.025188982
27	1831	-3.681457730	958	-1.949257107	0	-16.396518441	-3.681457654
28	3679	-2.096396086	5081	-1.432694075	0	-15.173542616	-2.096395829
29	67079	-1.259406077	67079	-1.259406077	1	-15.813041674	-1.259405941
30	321	-1.197145589	321	-1.197145589	1	-14.605073102	-1.197145135
31	15491	-0.999343520	15491	-0.999343520	1	-17.003183490	-0.999343479
32	1070	-0.147220824	1070	-0.147220824	1	-15.553691122	-0.147220648
33	1238	-8.268636558	310	-0.700700615	0	-14.774628017	-8.268636175
34	5117	-2.271583610	31192	-1.483627373	0	-15.782678657	-2.271583471
35	286	-0.000299856	286	-0.000299856	1	-17.369064733	-0.000299827
36	279	-0.965206682	279	-0.965206682	1	-14.620292246	-0.965206235
37	5167	-0.548225999	5167	-0.548225999	1	-17.425472856	-0.548225972
38	13	-0.721713189	13	-0.721713189	1	-14.418445710	-0.721712642
39	2302	-3.504516284	561	-1.938605944	0	-7.614518802	-3.504022924
40	958	-2.494714801	628	-2.005392139	0	-16.958441799	-2.494714758
41	6121	-6.807417061	264	-1.261436607	0	-13.299009468	-6.807415385
42	13684	-0.676821637	13684	-0.676821637	1	-13.536977697	-0.676820316
43	310	-0.838408977	310	-0.838408977	1	-12.421627552	-0.838404947
44	15572	-2.908618901	31192	-1.219467137	0	-14.837194417	-2.908618541
45	279	-0.351043836	279	-0.351043836	1	-15.109151021	-0.351043562
46	11661	-6.297728365	11639	-0.605224436	0	-17.110743826	-6.297728328
47	579	-1.336939808	11639	-0.661393162	0	-13.757259366	-1.336938748
48	3870	-3.486726883	11639	-0.658527496	0	-14.510303142	-3.486726383
49	8028	-2.540998470	11639	-0.365125668	0	-14.013998043	-2.540997650
50	321	-1.117740634	321	-1.117740634	1	-12.415899280	-1.117736581
51	9766	-1.468413333	9766	-1.468413333	1	-15.259223441	-1.468413097
52	13684	-0.899982799	13684	-0.899982799	1	-15.271279682	-0.899982566
53	310	-0.056670413	310	-0.056670413	1	-14.425905452	-0.056669870
54	4252	-0.578301820	4252	-0.578301820	1	-16.175905141	-0.578301725
55	58302	-2.518682909	364	-0.400555086	0	-15.944650125	-2.518682790
56	25598	-0.883110390	25598	-0.883110390	1	-17.530079232	-0.883110366
57	13	-1.162947254	3808	-0.559530811	0	-13.236184673	-1.162945469
58	561	-2.008576296	271	-1.968556307	0	-4.063216113	-1.991233136
59	36367	-4.983843608	1067	-1.673536105	0	-16.073064608	-4.983843503
60	5167	-3.902452936	7123	-1.797226419	0	-17.013798227	-3.902452895
61	1902	-2.339002227	513	-0.979329681	0	-16.812065696	-2.339002177
62	2353	-1.228233659	381	-0.735802018	0	-18.153811776	-1.228233646
63	279	-0.015171050	279	-0.015171050	1	-14.751158714	-0.015170658
64	43471	-8.127465788	3000	-1.102897230	0	-17.443975750	-8.127465761
65	4530	-0.392363923	4530	-0.392363923	1	-16.879406827	-0.392363876
66	14706	-2.381679669	11	-1.206781521	0	-11.860578671	-2.381672606
67	3213	-4.126196115	13	-0.386825769	0	-9.346421449	-4.126108834
68	310	-0.920295861	421	-0.855205682	0	-12.870140222	-0.920293287
69	381	-1.525396108	5471	-1.327697515	0	-17.263977289	-1.525396077
70	5222	-0.401795160	5222	-0.401795160	1	-15.676989328	-0.401795005
71	13	-0.238641012	13	-0.238641012	1	-8.283047903	-0.238388214
72	1368	-4.859734300	271	-0.782055619	0	-1.206808808	-4.504272328
73	279	-0.491230452	279	-0.491230452	1	-14.906423056	-0.491230116
74	53952	-3.154484644	36367	-1.678215876	0	-17.545161619	-3.154484620
75	10480	-1.043852349	10480	-1.043852349	1	-16.019435426	-1.043852239
76	2261	-2.183306182	1881	-1.218889679	0	-14.850747074	-2.183305827
77	449	-1.112168121	279	-1.010548401	0	-15.727700043	-1.112167973
78	13926	-0.022193562	13926	-0.022193562	1	-18.371376645	-0.022193552
79	11	-0.094919266	11	-0.094919266	1	-12.234288277	-0.094914405
80	9467	-1.983750872	279	-0.319312624	0	-14.796419672	-1.983750497
81	4833	-0.277101842	4833	-0.277101842	1	-16.888843861	-0.277101795
82	430	-0.101079073	430	-0.101079073	1	-15.551374044	-0.101078897
83	2716	-2.237847213	28259	-0.744246368	0	-17.484753971	-2.237847188
84	28259	-0.976389159	31777	-0.809576262	0	-17.925291766	-0.976389142
85	82	-0.000178937	82	-0.000178937	1	-17.150558117	-0.000178901
86	4598	-1.315740027	13	-1.226289191	0	-12.962188163	-1.315737680
87	1056	-0.000067600	1056	-0.000067600	1	-15.594515689	-0.000067431
88	3387	-0.288055944	3387	-0.288055944	1	-16.725940275	-0.288055890
89	13	-0.188661919	13	-0.188661919	1	-8.267773018	-0.188405230
90	44533	-1.311542486	44533	-1.311542486	1	-5.698899244	-1.308187213
91	3061	-5.994086684	5787	-1.448522986	0	-16.011103095	-5.994086572
92	80456	-2.242460953	13831	-1.334213959	0	-17.579110371	-2.242460930
93	279	-0.127086630	279	-0.127086630	1	-15.674706926	-0.127086474
94	6268	-0.024501246	6268	-0.024501246	1	-20.722538393	-0.024501245
95	310	-0.743454453	310	-0.743454453	1	-16.802087303	-0.743454402
96	44173	-1.202186845	1732	-1.125335954	0	-18.740845941	-1.202186838
97	364	-0.035240380	364	-0.035240380	1	-11.758888451	-0.035232560
98	279	-3.096039622	8964	-0.074454158	0	-14.989149898	-3.096039313
99	12331	-1.795804903	8964	-0.913328097	0	-14.979088709	-1.795804591
100	314	-0.009320553	314	-0.009320553	1	-11.362603482	-0.009308931
101	279	-0.755503139	8964	-0.637196025	0	-13.057060680	-0.755501004
102	8964	-0.119045867	8964	-0.119045867	1	-13.465648306	-0.119044448
103	13	-0.441124036	13	-0.441124036	1	-10.517933919	-0.441096989
104	561	-2.214207273	357	-1.887883764	0	-4.667976957	-2.204771648
105	21387	-4.185211447	1534	-1.816395072	0	-16.184132365	-4.185211354
106	11988	-2.466169909	1902	-1.872685030	0	-14.760272578	-2.466169520
107	264	-3.945491983	279	-0.474735453	0	-15.636517241	-3.945491822
108	13643	-6.412013762	29293	-0.338981383	0	-17.336635344	-6.412013733
109	8214	-0.650524541	8214	-0.650524541	1	-16.313208981	-0.650524458
110	6561	-0.022245572	6561	-0.022245572	1	-15.697693990	-0.022245420
111	321	-1.722960287	310	-0.942313009	0	-14.828622633	-1.722959924
112	4252	-1.378248003	20653	-1.195806291	0	-17.905179288	-1.378247986
113	82	-0.000111143	82	-0.000111143	1	-18.464056532	-0.000111134
114	2526	-0.386582192	2526	-0.386582192	1	-19.002229031	-0.386582186
115	82323	-2.120000052	32524	-0.718350577	0	-18.402616429	-2.120000042
116	13	-0.966492345	13	-0.966492345	1	-11.458401372	-0.966481785
117	4486	-3.976899727	357	-1.771916969	0	-6.073006256	-3.974592832
118	8427	-2.000478542	8427	-2.000478542	1	-16.731257236	-2.000478488
119	11	-0.050947824	11	-0.050947824	1	-14.337778726	-0.050947231
120	279	-0.253388424	279	-0.253388424	1	-14.697999020	-0.253388011
121	1534	-0.990638230	1534	-0.990638230	1	-17.536023829	-0.990638206
122	2099	-0.143639268	2099	-0.143639268	1	-15.275296391	-0.143639036
123	628	-3.107799429	4774	-0.860185522	0	-15.306254763	-3.107799204
124	1420	-0.800277167	1420	-0.800277167	1	-15.385744505	-0.800276959
125	3447	-3.320243982	5759	-1.872882990	0	-13.543860105	-3.320242670
126	421	-0.792148584	421	-0.792148584	1	-14.283209795	-0.792147957
127	998	-1.035842270	998	-1.035842270	1	-14.954957337	-1.035841950
128	4839	-6.133287318	28486	-0.352254756	0	-15.481651195	-6.133287129
129	310	-0.053679736	310	-0.053679736	1	-10.891551288	-0.053661121
130	1436	-0.442437470	1436	-0.442437470	1	-13.746642887	-0.442436398
131	303	-0.477117578	303	-0.477117578	1	-9.626892129	-0.477051644
132	866	-0.861630185	866	-0.861630185	1	-12.583019956	-0.861626755
133	3074	-0.047626927	3074	-0.047626927	1	-12.541984989	-0.047623353
134	13926	-0.951979921	3899	-0.698500917	0	-11.783337877	-0.951972290
135	13	-0.066370630	13	-0.066370630	1	-4.743679666	-0.057625957
136	357	-5.956441498	248046	-0.157019234	0	-0.157019234	-4.027571994
137	16097	-2.551426464	16097	-2.551426464	1	-11.220871502	-2.551413072
138	6157	-5.364804515	27370	-0.797815570	0	-14.674830684	-5.364804092
139	1990	-6.419135075	314	-1.266969662	0	-12.877545338	-6.419132520
140	7189	-8.540600239	7225	-1.326378284	0	-13.746853290	-8.540599168
141	279	-0.884769053	279	-0.884769053	1	-10.629128069	-0.884744852
142	13926	-3.621207311	25969	-1.413167073	0	-14.814744546	-3.621206942
143	2942	-2.308845749	854	-0.830559006	0	-11.084589234	-2.308830402
144	11	-0.782011560	11	-0.782011560	1	-10.413590006	-0.781981538
145	279	-1.321793053	279	-1.321793053	1	-15.090147469	-1.321792774
146	13019	-1.437245822	13019	-1.437245822	1	-16.662419295	-1.437245764
147	1429	-0.331017502	1429	-0.331017502	1	-11.896673211	-0.331010689
148	11	-0.012701013	11	-0.012701013	1	-7.631596544	-0.012216009
149	321	-0.048390593	321	-0.048390593	1	-8.211239065	-0.048118972
150	279	-0.158127202	279	-0.158127202	1	-13.519933118	-0.158125858
151	25969	-6.049636187	36367	-2.088551821	0	-16.534940304	-6.049636121
152	314	-0.928478068	303	-0.774417705	0	-10.557456798	-0.928452069
153	279	-1.325880280	1754	-0.482530823	0	-13.397998085	-1.325878762
154	20934	-0.757757912	20934	-0.757757912	1	-14.922191392	-0.757757582
155	13	-0.116958739	13	-0.116958739	1	-4.286928297	-0.103116285
156	357	-4.980528486	248046	-0.255238188	0	-0.255238188	-3.490064258
157	40890	-9.314070380	16097	-2.233812964	0	-12.977434314	-9.314068068
158	18309	-2.183961820	51898	-1.413228940	0	-14.606648397	-2.183961367
159	6588	-1.523683598	2099	-0.440650990	0	-13.457144787	-1.523682167
160	369	-1.027716678	369	-1.027716678	1	-11.868136448	-1.027709668
161	524	-0.429919072	524	-0.429919072	1	-13.440352269	-0.429917617
162	539	-6.025958345	9184	-0.782634065	0	-15.250024126	-6.025958107
163	4924	-0.000821922	4924	-0.000821922	1	-9.647448394	-0.000757330
164	264	-0.672145908	264	-0.672145908	1	-14.069775646	-0.672145132
165	18100	-2.277094982	11991	-0.484072826	0	-15.815588138	-2.277094847
166	314	-3.971093195	13	-0.294121760	0	-6.276179331	-3.969210853
167	264	-1.561019200	279	-1.263602513	0	-12.823858518	-1.561016505
168	6561	-0.680846928	6561	-0.680846928	1	-14.557915448	-0.680846452
169	579	-0.234372447	579	-0.234372447	1	-4.206424068	-0.219360781
170	31143	-0.028750091	31143	-0.028750091	1	-11.384536415	-0.028738721
171	13	-0.190457260	13	-0.190457260	1	-4.861326133	-0.182686936
0	13159	-10.868168024	220	-3.859213022	0	-10.547148375	-10.868141756
1	682	-2.675421459	36258	-1.799068195	0	-12.691352589	-2.675418382
2	7810	-8.221258301	220	-1.196480888	0	-13.730388779	-8.221257212
3	6761	-4.275913854	29693	-1.454217572	0	-15.998234172	-4.275913741
4	314	-0.818817169	314	-0.818817169	1	-15.145319015	-0.818816905
5	10462	-1.344459360	10462	-1.344459360	1	-16.425190275	-1.344459286
6	11	-0.871503202	11	-0.871503202	1	-14.956113187	-0.871502882
7	440	-0.716357981	440	-0.716357981	1	-15.827764307	-0.716357847
8	28279	-4.836067136	1754	-0.854103024	0	-15.241797860	-4.836066895
9	10462	-0.100009911	10462	-0.100009911	1	-16.359591477	-0.100009832
10	303	-0.053923283	303	-0.053923283	1	-18.674514923	-0.053923275
11	1754	-0.007134136	1754	-0.007134136	1	-18.855359729	-0.007134129
12	2713	-0.005187770	2713	-0.005187770	1	-17.846165439	-0.005187752
13	13	-0.085380218	13	-0.085380218	1	-15.681711815	-0.085380064
14	2532	-4.280412083	3437	-1.447654133	0	-12.322613125	-4.280407633
15	513	-0.035631157	513	-0.035631157	1	-17.406890846	-0.035631129
16	75211	-8.480604335	220	-0.810760661	0	-14.525629684	-8.480603844
17	52616	-0.774064788	52616	-0.774064788	1	-15.205980071	-0.774064539
18	10462	-0.056682607	10462	-0.056682607	1	-15.348462125	-0.056682391
19	303	-0.057794140	303	-0.057794140	1	-15.040227459	-0.057793846
20	2702	-0.300212949	2702	-0.300212949	1	-14.937339395	-0.300212624
21	13	-0.136781179	13	-0.136781179	1	-11.927931272	-0.136774576
22	1368	-2.547926132	3437	-1.649458115	0	-7.771904175	-2.547504633
23	1754	-2.042439472	220	-1.473887455	0	-12.653593551	-2.042436276
24	5819	-0.360678239	5819	-0.360678239	1	-16.105034871	-0.360678137
25	3749	-2.554989492	18082	-1.643908178	0	-16.045045530	-2.554989384
26	4139	-5.838672360	220	-0.483783444	0	-12.559068402	-5.838668847
27	264	-0.083115004	264	-0.083115004	1	-15.813097380	-0.083114869
28	88223	-2.741238085	47912	-0.597826448	0	-17.112127510	-2.741238048
29	314	-0.011807184	314	-0.011807184	1	-16.145413618	-0.011807087
30	2919	-0.011042896	2919	-0.011042896	1	-18.343482319	-0.011042885
31	11	-0.547822355	11	-0.547822355	1	-15.060503363	-0.547822067
32	799	-9.304494759	1204	-0.137032410	0	-14.854548355	-9.304494405
33	70269	-3.498290701	2713	-1.736063643	0	-13.236201449	-3.498288917
34	5533	-5.669060111	628	-0.630520225	0	-15.799771667	-5.669059974
35	34227	-1.191445011	220	-0.717911380	0	-12.115761417	-1.191439538
36	67354	-0.012784335	67354	-0.012784335	1	-15.160788390	-0.012784074
37	84887	-0.008494151	84887	-0.008494151	1	-14.714155925	-0.008493744
38	13	-1.080101667	314	-0.591267285	0	-13.955961881	-1.080100798
39	357	-3.509537608	2500	-1.821354777	0	-6.381937892	-3.507844334
40	12526	-4.008316128	21208	-1.652908413	0	-14.530159800	-4.008315639
41	8222	-4.510117961	9687	-0.639268351	0	-16.367263270	-4.510117883
42	1330	-1.879874572	799	-1.469802245	0	-15.430053099	-1.879874373
43	7493	-0.104472555	7493	-0.104472555	1	-16.891525902	-0.104472509
44	321	-0.567812524	321	-0.567812524	1	-14.222080788	-0.567811858
45	34227	-1.082563640	76837	-0.808307887	0	-16.054291965	-1.082563533
46	84887	-0.035153028	84887	-0.035153028	1	-15.157262442	-0.035152767
47	16229	-5.675144029	314	-1.229369950	0	-14.333625627	-5.675143433
48	4097	-2.977112360	2919	-1.489470071	0	-14.196189470	-2.977111676
49	4434	-4.645032731	2919	-0.184524384	0	-14.970920411	-4.645032416
50	2919	-0.012014002	2919	-0.012014002	1	-16.903762431	-0.012013957
51	793	-0.000023272	793	-0.000023272	1	-22.106792595	-0.000023272
52	13	-0.695930062	13	-0.695930062	1	-11.259780465	-0.695917181
53	561	-2.678201942	4486	-1.668697623	0	-4.542740134	-2.667500687
54	21208	-4.901118121	9376	-2.134903750	0	-15.859069667	-4.901117991
55	772	-0.002177730	772	-0.002177730	1	-17.463446394	-0.002177704
56	19895	-1.175470627	19895	-1.175470627	1	-15.043239868	-1.175470334
57	383	-4.202926545	279	-0.331880479	0	-15.446820168	-4.202926349
58	6796	-0.866665231	6796	-0.866665231	1	-15.445328103	-0.866665035
59	11	-0.181974282	11	-0.181974282	1	-16.830151429	-0.181974233
60	7670	-1.560219721	7348	-0.479338602	0	-15.661664919	-1.560219563
61	11	-0.100236180	11	-0.100236180	1	-16.438270810	-0.100236108
62	321	-0.402696227	321	-0.402696227	1	-14.392172908	-0.402695665
63	6394	-0.152366770	6394	-0.152366770	1	-15.486664904	-0.152366582
64	13	-1.353998681	11	-0.783401986	0	-12.822395821	-1.353995981
65	4486	-2.575310162	1848	-1.760978154	0	-5.550683431	-2.571417796
66	1782	-5.648973705	6394	-1.494055034	0	-14.850280525	-5.648973349
67	2250	-0.256963780	2250	-0.256963780	1	-14.902816823	-0.256963443
68	2919	-0.622217082	2919	-0.622217082	1	-16.678373240	-0.622217024
69	793	-0.000007915	793	-0.000007915	1	-20.037323283	-0.000007913
70	11	-0.139067032	11	-0.139067032	1	-12.873257973	-0.139064466
71	75211	-1.948909634	220	-1.485217922	0	-13.492345207	-1.948908252
72	52616	-0.016870935	52616	-0.016870935	1	-17.652573306	-0.016870913
73	84887	-0.001797154	84887	-0.001797154	1	-17.633428529	-0.001797132
74	6922	-0.154376312	6922	-0.154376312	1	-16.685039325	-0.154376255
75	303	-0.823282042	303	-0.823282042	1	-11.515169897	-0.823272064
76	279	-0.000543192	279	-0.000543192	1	-15.705412463	-0.000543041
77	12526	-0.001187162	12526	-0.001187162	1	-13.758843259	-0.001186103
78	13	-0.140166892	13	-0.140166892	1	-9.861114157	-0.140114726
79	4081	-5.355082147	1848	-1.277647607	0	-3.832316033	-5.333184745
80	4947	-1.681081936	4947	-1.681081936	1	-11.214157269	-1.681068454
81	9370	-8.080015513	513	-0.929291102	0	-11.840309473	-8.080008305
82	421	-3.241294487	279	-1.935935601	0	-10.142644509	-3.241255122
83	874	-2.388944190	279	-1.666675132	0	-8.547350448	-2.388750113
84	2919	-0.367955660	2919	-0.367955660	1	-14.305256342	-0.367955048
85	369	-0.098180854	369	-0.098180854	1	-13.150726402	-0.098178910
86	5384	-0.211227394	5384	-0.211227394	1	-12.234687782	-0.211222535
87	1472	-2.017651408	310	-0.793562740	0	-10.128525584	-2.017611483
88	3514	-0.810404881	3514	-0.810404881	1	-10.188931569	-0.810367297
89	92245	-0.001187349	92245	-0.001187349	1	-14.462538744	-0.001186826
90	466	-0.346863288	466	-0.346863288	1	-7.853589553	-0.346474857
91	35479	-8.294482785	75377	-0.716428357	0	-12.370682317	-8.294478544
92	13	-0.507365668	13	-0.507365668	1	-4.286511862	-0.493517408
93	733	-4.634448804	271	-0.567975797	0	-1.644593991	-4.419904493
94	6380	-3.494898360	8464	-1.748515647	0	-11.170736831	-3.494884280
95	11	-0.031484352	11	-0.031484352	1	-10.946277366	-0.031466728
96	279	-3.063876749	1010	-1.429402948	0	-13.206503511	-3.063874910
97	21208	-1.420276573	21208	-1.420276573	1	-15.507823399	-1.420276389
98	772	-0.000291667	772	-0.000291667	1	-16.889618240	-0.000291621
99	11988	-3.714282495	2493	-1.597627145	0	-14.754545671	-3.714282104
100	279	-0.405589490	279	-0.405589490	1	-13.435303120	-0.405588027
101	2119	-4.036600062	12526	-0.370044658	0	-16.714296290	-4.036600007
102	4598	-8.435661401	1518	-1.519737329	0	-12.828296746	-8.435658717
103	1056	-0.000203585	1056	-0.000203585	1	-14.858390307	-0.000203233
104	37281	-0.972071371	65937	-0.956843100	0	-14.814645491	-0.972071003
105	1132	-0.778833223	383	-0.778112245	0	-15.842482401	-0.778833092
106	383	-0.000156428	383	-0.000156428	1	-15.125382449	-0.000156159
107	279	-0.657489871	279	-0.657489871	1	-14.829020117	-0.657489508
108	21261	-0.830414351	21261	-0.830414351	1	-15.487170275	-0.830414163
109	13	-0.125996442	13	-0.125996442	1	-7.434659810	-0.125405838
110	357	-5.004372388	271	-0.755227833	0	-1.602055340	-4.779374646
111	2018	-5.976773624	2526	-1.867514018	0	-14.082806949	-5.976772858
112	13159	-3.030536017	12526	-0.936845145	0	-14.012058577	-3.030535196
113	682	-0.658005114	682	-0.658005114	1	-11.911123152	-0.657998398
114	4590	-1.509926326	4590	-1.509926326	1	-12.754670627	-1.509923437
115	6761	-0.109470136	6761	-0.109470136	1	-13.217367894	-0.109468317
116	440	-1.227125080	314	-0.900636585	0	-10.058591755	-1.227082263
117	5600	-1.904453846	60163	-1.358933063	0	-12.745311351	-1.904450930
118	10462	-0.002984847	10462	-0.002984847	1	-13.361829604	-0.002983273
119	791	-2.124040416	1754	-0.471565059	0	-12.435489467	-2.124036441
120	2713	-0.001792530	2713	-0.001792530	1	-11.046531300	-0.001776588
121	13	-0.747694653	13	-0.747694653	1	-9.581226986	-0.747625638
122	1049	-2.899544680	2844	-1.462799990	0	-6.053322756	-2.897191874
123	5435	-3.658867526	3749	-1.336260486	0	-13.452797580	-3.658866089
124	50614	-0.033777088	50614	-0.033777088	1	-13.573157161	-0.033775814
125	10462	-0.003603421	10462	-0.003603421	1	-14.896312199	-0.003603082
126	321	-1.712879988	13	-1.044590804	0	-11.415697905	-1.712868967
127	3749	-0.885649208	3749	-0.885649208	1	-14.244733337	-0.885648557
128	25292	-0.087541399	25292	-0.087541399	1	-15.711023150	-0.087541249
129	84887	-0.012233363	84887	-0.012233363	1	-14.872423755	-0.012233016
130	364	-2.229180946	791	-0.156215324	0	-11.542176856	-2.229171234
131	1754	-2.639252116	799	-0.248222758	0	-13.160023143	-2.639250190
132	70269	-0.084153891	70269	-0.084153891	1	-13.319986106	-0.084152250
133	13	-0.061293301	13	-0.061293301	1	-7.566748318	-0.060775795
134	30135	-6.065920481	561	-1.527552256	0	-4.036654124	-6.048106297
135	11	-0.191368505	11	-0.191368505	1	-12.082611486	-0.191362848
136	279	-0.088229672	279	-0.088229672	1	-12.935707585	-0.088227262
137	1330	-0.092256715	1330	-0.092256715	1	-15.243373087	-0.092256476
138	34264	-0.003312841	34264	-0.003312841	1	-15.688132062	-0.003312687
139	1325	-0.981216808	1325	-0.981216808	1	-14.607534309	-0.981216355
140	67579	-0.100513043	67579	-0.100513043	1	-14.537033620	-0.100512557
141	67354	-0.006443623	67354	-0.006443623	1	-15.744452122	-0.006443478
142	84887	-0.001216195	84887	-0.001216195	1	-13.978427194	-0.001215346
143	13	-4.163065577	791	-0.315271998	0	-11.080958033	-4.163050174
144	8500	-5.489286543	561	-1.162901998	0	-4.322116018	-5.475925915
145	6369	-0.004065704	6369	-0.004065704	1	-17.493176174	-0.004065678
146	279	-1.151471050	1330	-0.792958171	0	-13.679740817	-1.151469904
147	2420	-6.038900525	3889	-1.224701078	0	-14.581435830	-6.038900061
148	7867	-4.172788833	2919	-0.819730972	0	-13.423588966	-4.172787354
149	539	-0.625956554	539	-0.625956554	1	-12.645762462	-0.625953333
150	411	-1.062174750	279	-0.885783148	0	-15.881220293	-1.062174623
151	15808	-3.125801064	3202	-1.239919640	0	-17.222993352	-3.125801031
152	6486	-0.309893197	6486	-0.309893197	1	-15.693114346	-0.309893044
153	279	-2.997121671	2250	-0.522008756	0	-13.008935788	-2.997119431
154	1324	-0.257445250	1324	-0.257445250	1	-15.505527411	-0.257445066
155	314	-0.001350146	314	-0.001350146	1	-12.657883388	-0.001346964
156	3102	-3.589738550	2919	-0.469529810	0	-14.090798082	-3.589737791
157	10539	-5.385632462	2919	-0.160817093	0	-13.673346943	-5.385631309
158	2919	-0.089620962	2919	-0.089620962	1	-14.567160025	-0.089620491
159	793	-0.000138183	793	-0.000138183	1	-14.072280784	-0.000137409
160	13	-0.251377344	13	-0.251377344	1	-7.891236544	-0.251003267
161	561	-1.569742726	561	-1.569742726	1	-5.723131703	-1.566467913
162	1067	-2.682417645	12526	-1.664345517	0	-14.705234303	-2.682417234
163	1902	-3.772411958	369	-0.630228654	0	-15.824263230	-3.772411823
164	381	-0.241752423	381	-0.241752423	1	-16.187150277	-0.241752329
165	17440	-1.287877974	264	-1.111095366	0	-15.930818495	-1.287877854
166	1441	-0.067417310	1441	-0.067417310	1	-12.399793790	-0.067413190
167	948	-4.900686517	1521	-0.825872674	0	-10.762499109	-4.900665338
168	1132	-2.259596696	279	-1.714779726	0	-13.433658949	-2.259595231
169	4434	-1.796339796	4220	-0.638697432	0	-15.980333136	-1.796339681
170	2919	-0.154202185	2919	-0.154202185	1	-14.931737147	-0.154201857
171	793	-0.000109834	793	-0.000109834	1	-18.184893770	-0.000109821
172	513	-0.408076319	513	-0.408076319	1	-16.026718649	-0.408076209
173	29014	-1.386983719	5252	-0.619535294	0	-16.587463227	-1.386983657
174	13	-0.059062721	13	-0.059062721	1	-9.011965515	-0.058940772
0	846	-0.560187690	846	-0.560187690	1	-20.014748804	-0.560187688
1	198	-0.000001663	198	-0.000001663	1	-14.324954742	-0.000001062
2	40	-5.820283196	1	-2.824555657	0	-5.786366723	-5.817209364
3	599	-3.565574178	248046	-0.315774449	0	-0.315774449	-2.259111148
4	264	-2.743500721	248046	-0.091063511	0	-0.091063511	-0.302116374
5	2526	-6.129378516	220	-1.456320960	0	-1.529744346	-5.885278105
6	42401	-7.915396561	248046	-0.509985794	0	-0.509985794	-6.997844760
7	440	-6.768441569	248046	-0.004633318	0	-0.004633318	-1.391643848
8	12967	-10.471838603	6973	-0.781313548	0	-2.390383372	-10.375774120
9	6797	-0.877316579	248046	-0.668482885	0	-0.668482885	-0.158881359
10	13	-9.679621763	248046	-0.000508375	0	-0.000508375	-2.095076356
11	2500	-16.345273997	248046	-0.000053431	0	-0.000053431	-6.508133708
12	1220	-3.959015397	248046	-0.173580674	0	-0.173580674	-2.122367363
13	353	-1.358695593	248046	-0.302167502	0	-0.302167502	-0.014639562
14	29249	-4.197728345	29880	-1.047682950	0	-1.928132245	-4.040583709
15	264	-4.232634080	248046	-0.201715958	0	-0.201715958	-2.532576196
16	2342	-6.159095423	2526	-1.047276155	0	-1.797752039	-5.977968083
17	48347	-1.481792993	248046	-1.059271402	0	-1.059271402	-1.056061406
18	314	-8.509925134	248046	-0.003744371	0	-0.003744371	-2.920551766
19	39929	-1.206746014	248046	-0.923935803	0	-0.923935803	-0.700984826
20	30	-12.178205569	248046	-0.000042994	0	-0.000042994	-2.123736420
21	198	-19.286939803	248046	-0.000000182	0	-0.000000182	-3.768323874
22	248046	-0.000628370	248046	-0.000628370	1	-0.000628370	nan
23	198	-0.000000008	198	-0.000000008	1	-21.947324761	-0.000000008
24	248045	-0.000000040	248045	-0.000000040	1	-20.117846529	-0.000000038
25	74455	-1.476401360	248068	-1.026775391	0	-2.502515824	-1.390975547
26	198	-0.008770896	198	-0.008770896	1	-7.148030234	-0.007984175
27	248068	-0.000000000	248068	-0.000000000	1	-22.298328400	-0.000000000
28	198	-0.150739627	198	-0.150739627	1	-15.375162081	-0.150739416
29	248069	-16.167816481	760	-0.000044188	0	-22.805178008	-16.167816481
30	198	-13.230842288	271	-0.001260932	0	-14.492673095	-13.230841780
31	3367	-9.416612386	4639	-2.067689656	0	-5.370878934	-9.411951498
32	440	-1.606849156	539	-0.476462804	0	-5.334271870	-1.602014065
33	1330	-6.799238501	279	-1.351358709	0	-8.974966345	-6.799111954
34	466	-2.425075910	48347	-2.163219830	0	-8.549192807	-2.424882189
35	2250	-0.018854617	2250	-0.018854617	1	-12.736203669	-0.018851674
36	39929	-2.973657957	48347	-0.860733381	0	-10.771067491	-2.973636958
37	488	-2.675573135	421	-1.103376175	0	-2.958471084	-2.622279732
38	958	-2.361787820	3404	-0.513814950	0	-10.999919915	-2.361771116
39	15047	-3.688714054	1379	-0.674046543	0	-8.355538394	-3.688478935
40	13	-1.486471656	11	-1.001596930	0	-3.383207801	-1.451943964
41	9920	-3.592447793	63744	-1.504663980	0	-3.830214059	-3.570503806
42	48230	-4.167707471	1070	-1.008339909	0	-11.941140202	-4.167700954
43	10462	-1.021527752	10462	-1.021527752	1	-13.430674061	-1.021526283
44	8574	-1.615825661	303	-1.422698982	0	-10.773881920	-1.615804721
45	279	-0.089949764	279	-0.089949764	1	-10.980099834	-0.089932726
46	1142	-0.258717128	1142	-0.258717128	1	-15.644047328	-0.258716967
47	748	-2.951650475	466	-1.190976952	0	-10.998007630	-2.951633740
48	781	-0.233470165	781	-0.233470165	1	-12.524129116	-0.233466527
49	635	-1.486995238	1459	-0.444121855	0	-10.895550268	-1.486976697
50	524	-0.004140034	524	-0.004140034	1	-11.180252209	-0.004126087
51	26609	-0.183900292	26609	-0.183900292	1	-13.189971383	-0.183898423
52	22602	-1.292555264	8882	-1.030672482	0	-14.134447506	-1.292554537
53	5981	-0.248818953	5981	-0.248818953	1	-10.820592482	-0.248798969
54	13	-0.475249470	13	-0.475249470	1	-6.559558094	-0.473831954
55	21513	-3.635080633	13262	-1.780551252	0	-3.589755353	-3.607087369
56	48347	-1.260322575	48347	-1.260322575	1	-13.932471757	-1.260321686
57	440	-0.222071445	440	-0.222071445	1	-12.906882083	-0.222068964
58	55566	-0.335571948	55566	-0.335571948	1	-11.900991145	-0.335565164
59	19163	-0.369072940	19163	-0.369072940	1	-7.375096347	-0.368446078
60	321	-0.536309253	321	-0.536309253	1	-6.266417514	-0.534408428
61	1925	-2.637931771	796	-1.536786980	0	-14.762487359	-2.637931383
62	88562	-3.658625585	1070	-0.278145773	0	-14.199005110	-3.658624904
63	28396	-0.171112002	28396	-0.171112002	1	-12.435302676	-0.171108026
64	310	-0.602258728	310	-0.602258728	1	-6.268384980	-0.600361643
65	5827	-0.290549180	5827	-0.290549180	1	-15.390166184	-0.290548972
66	279	-0.404067200	279	-0.404067200	1	-15.695505302	-0.404067047
67	42401	-0.341215549	42401	-0.341215549	1	-15.873644291	-0.341215422
68	6220	-0.496109036	6220	-0.496109036	1	-8.252009419	-0.495848268
69	13	-0.088736314	13	-0.088736314	1	-4.653437394	-0.079161833
70	4109	-3.925433690	248046	-1.702753598	0	-1.702753598	-3.724319232
71	279	-0.888101334	279	-0.888101334	1	-12.747231716	-0.888098423
72	16665	-1.079463837	16665	-1.079463837	1	-15.149832127	-1.079463573
73	1518	-2.141223631	7071	-1.023565016	0	-10.790571890	-2.141203038
74	70269	-0.163407854	70269	-0.163407854	1	-13.064147047	-0.163405734
75	25	-2.230431178	26	-1.368469813	0	-3.349659541	-2.194704202
76	279	-5.833100815	413	-0.634966393	0	-9.322210808	-5.833011395
77	7099	-4.191603234	1844	-0.070112755	0	-14.140029480	-4.191602511
78	1189	-5.676166018	1220	-0.104663332	0	-11.516280611	-5.676156051
79	1353	-0.935710401	1353	-0.935710401	1	-13.805964441	-0.935709392
80	8785	-0.029965392	8785	-0.029965392	1	-12.809357634	-0.029962657
81	1345	-0.241174786	1345	-0.241174786	1	-11.718990414	-0.241166648
82	279	-0.450098896	279	-0.450098896	1	-14.772461319	-0.450098512
83	19101	-0.799066702	19101	-0.799066702	1	-15.453484693	-0.799066507
84	1990	-1.604139592	513	-0.461239125	0	-13.926040913	-1.604138697
85	599	-0.310136077	599	-0.310136077	1	-13.910900351	-0.310135168
86	3213	-3.166917184	30137	-0.096989968	0	-11.178382257	-3.166903211
87	30137	-0.031913323	30137	-0.031913323	1	-7.592879815	-0.031409168
88	13	-0.123263360	13	-0.123263360	1	-3.128617287	-0.078497883
89	9123	-9.926057230	248046	-0.250872980	0	-0.250872980	-8.420433228
90	1754	-1.203074497	279	-0.548705143	0	-10.377667469	-1.203043377
91	3229	-0.116076120	3229	-0.116076120	1	-14.184901842	-0.116075429
92	11	-3.450362782	748	-0.533938985	0	-5.225476842	-3.444970475
93	5142	-3.769675226	321	-0.971924753	0	-13.120240183	-3.769673222
94	948	-2.639199914	413	-0.393544854	0	-12.289869965	-2.639195316
95	279	-1.800318913	10014	-1.004510121	0	-13.784919934	-1.800317882
96	10462	-0.357323054	10462	-0.357323054	1	-15.215416316	-0.357322808
97	513	-0.307230098	513	-0.307230098	1	-10.650768382	-0.307206415
98	3777	-0.448754051	3777	-0.448754051	1	-11.483928420	-0.448743756
99	13	-0.835037275	13	-0.835037275	1	-2.908329053	-0.778925197
100	24393	-7.614354689	248046	-0.085305769	0	-0.085305769	-5.110491805
101	3213	-1.502451910	3433	-1.026026739	0	-13.091860785	-1.502449848
102	3433	-0.119043995	3433	-0.119043995	1	-14.212311436	-0.119043323
103	310	-7.134369568	1881	-0.446237282	0	-12.251441673	-7.134364790
104	5372	-0.335278078	5372	-0.335278078	1	-13.915427729	-0.335277174
105	1396	-2.075595409	279	-0.783622295	0	-14.020675212	-2.075594594
106	3229	-0.487576765	3229	-0.487576765	1	-14.272872252	-0.487576132
107	43187	-2.007031227	6497	-1.377873207	0	-8.058138634	-2.006714662
108	13	-0.624611230	13	-0.624611230	1	-3.021519037	-0.574656888
109	1394	-7.520943091	248046	-0.039698050	0	-0.039698050	-4.274706509
110	628	-0.447272584	628	-0.447272584	1	-8.778316781	-0.447118535
111	1809	-5.407044535	884	-1.934633379	0	-9.757945185	-5.406986700
112	39929	-1.703660594	1070	-1.421064005	0	-12.916157351	-1.703658136
113	440	-1.122845146	539	-0.844915840	0	-11.762293312	-1.122837353
114	4283	-0.032832439	4283	-0.032832439	1	-11.426226909	-0.032821533
115	70269	-1.081356267	2919	-1.015489797	0	-10.458902578	-1.081327575
116	3749	-0.045148060	3749	-0.045148060	1	-9.507559941	-0.045073769
117	3658	-0.926662298	3658	-0.926662298	1	-4.183490606	-0.911299695
118	13	-0.576235502	13	-0.576235502	1	-2.916346281	-0.520584192
119	63744	-8.074848354	248046	-0.132816494	0	-0.132816494	-5.990388160
120	5802	-4.193889543	321	-1.158387109	0	-7.449477121	-4.193307628
121	3749	-1.078614263	3749	-1.078614263	1	-13.100112944	-1.078612218
122	777	-0.329073915	777	-0.329073915	1	-14.584108361	-0.329073451
123	20125	-1.147238153	2919	-0.610231775	0	-13.558508295	-1.147236860
124	6326	-3.259054848	70269	-0.364935585	0	-12.310464092	-3.259050343
125	1056	-0.420780371	1056	-0.420780371	1	-10.788851927	-0.420759743
126	15537	-0.520158586	15537	-0.520158586	1	-13.595661935	-0.520157340
127	1480	-0.000820387	1480	-0.000820387	1	-7.321734655	-0.000159154
128	13	-1.539798941	466	-0.580267157	0	-4.003553595	-1.521379675
129	10049	-6.431956643	248046	-0.359141701	0	-0.359141701	-5.233716051
130	279	-0.945389371	364	-0.936373334	0	-12.371109586	-0.945385132
131	10462	-3.034147491	12967	-0.588970412	0	-15.687238921	-3.034147337
132	2261	-2.875498558	364	-1.046574379	0	-9.044916893	-2.875380562
133	279	-0.190662952	279	-0.190662952	1	-13.649504752	-0.190661771
134	1118	-2.383698221	36056	-0.651116128	0	-16.866744752	-2.383698173
135	1936	-2.119063971	2342	-0.918487189	0	-15.507475970	-2.119063787
136	321	-1.195517856	321	-1.195517856	1	-6.866303759	-1.194474989
137	7265	-0.838272503	3166	-0.755264690	0	-11.823144367	-0.838265170
138	836	-0.503638123	836	-0.503638123	1	-12.909046982	-0.503635647
139	9599	-0.115134123	9599	-0.115134123	1	-13.813038710	-0.115133120
140	413	-0.346358456	413	-0.346358456	1	-7.299265064	-0.345682192
141	279	-2.229710467	1010	-0.814707644	0	-14.454873927	-2.229709939
142	12967	-0.619523280	12967	-0.619523280	1	-16.176933520	-0.619523186
143	6797	-0.408198084	6797	-0.408198084	1	-14.929692949	-0.408197756
144	369	-1.805794549	4816	-1.069334817	0	-14.480793786	-1.805794035
145	2166	-0.664943322	2166	-0.664943322	1	-15.100729092	-0.664943045
146	3619	-0.824357630	18324	-0.716889978	0	-11.782323481	-0.824349991
147	13	-1.927861889	364	-0.519279201	0	-3.182309826	-1.885486907
148	357	-5.736673664	248046	-0.025944065	0	-0.025944065	-2.071917268
149	2545	-2.370530297	2526	-0.994609047	0	-14.687405278	-2.370529879
150	21254	-3.046120328	8818	-1.458174390	0	-13.549976987	-3.046119024
151	8346	-4.250248858	3988	-1.145218799	0	-10.786517093	-4.250228182
152	777	-1.768190204	488	-0.513257801	0	-9.812801181	-1.768135457
153	1056	-0.001655296	1056	-0.001655296	1	-7.399993614	-0.001043853
154	2614	-2.787709467	264	-0.660424463	0	-14.252960436	-2.787708821
155	264	-0.128101672	264	-0.128101672	1	-12.025909747	-0.128095685
156	8097	-0.326746396	8097	-0.326746396	1	-16.370229654	-0.326746319
157	70269	-7.900596658	3019	-0.959995309	0	-10.291751901	-7.900562746
158	9412	-0.115823680	9412	-0.115823680	1	-6.697221690	-0.114588581
159	13	-0.342357042	13	-0.342357042	1	-1.356841448	-0.044661353
160	198	-9.762050978	248046	-0.002430312	0	-0.002430312	-3.741100347
161	248046	-0.004308218	248046	-0.004308218	1	-0.004308218	nan
